id_auth,nm_auth,id_inst,nm_inst
705403811,Nina H. Fefferman,75027704,University of Tennessee
2091837159,Eric T. Lofgren,114027177,University of North Carolina at Chapel Hill
2147791939,Heinrich F. Becker,161103922,University of Marburg
2591307627,Marek Wolf,219388962,University of Wrocław
2307454426,Bingsheng He,881766915,Nanjing University
2620585230,Ran Itay,,
2750685154,Samantha R. Schwab,102322142,Rutgers University
2128666145,Chaoming Song,125687163,City College of New York
2021322682,Michael Batty,45129253,University College London
254560915,Richard S. Ostfeld,95457486,"University of California, Berkeley"
2226607656,Shay Moshel,13955877,Bar-Ilan University
2304192054,O.P. Varnavsky,1313323035,Russian Academy of Sciences
2511347840,Nima Dehmamy,,
2862693400,Chuancong Tang,10535382,Chongqing University of Posts and Telecommunications
2790105931,Itzhak Webman,13955877,Bar-Ilan University
2577080263,Misha Rosenblum,,
1965278962,Rebekah W. Moehring,170897317,Duke University
2745617867,Guanwen Zeng,82880672,Beihang University
2545029063,Brad Hyman,136199984,Harvard University
2427269414,Reza Sadr-Lahijany,111088046,Boston University
2307210333,Robin Selinger,20888794,Liquid Crystal Institute
1387271665,Antonio Scala,861853513,Sapienza University of Rome
2098405677,A. Shehter,13955877,Bar-Ilan University
2475280313,Peter King,153648349,University of Leicester
1386037399,Yanay Ofran,13955877,Bar-Ilan University
2795546213,Xueming Liu,111088046,Boston University
2117276120,Choungryeol Lee,,
2172966079,Paul E. Parham,146655781,University of Liverpool
131345537,Pierre Cizeau,111088046,Boston University
2303724962,Pablo Barttfeld,154526488,French Institute of Health and Medical Research
2099662317,Arnaud Germain,,
2143497428,Hernán Larralde,8961855,National Autonomous University of Mexico
2850816777,H. E. Roman,149899117,Max Planck Society
2641446886,Xiaosong Chen,19820366,Chinese Academy of Sciences
2041133204,Eugene Kogan,13955877,Bar-Ilan University
1974558258,Haim Sompolinsky,197251160,Hebrew University of Jerusalem
2420748635,Yang Wang,13955877,Bar-Ilan University
2004491462,Ernesto P. Raposo,25112270,Federal University of Pernambuco
2133296962,José Garcia Vivas Miranda,126158947,Federal University of Bahia
2274802484,Taisei Kaizoji,199080787,International Christian University
2761891357,Marshall Luban,13955877,Bar-Ilan University
2119420037,W. Jason Weiss,131249849,Oregon State University
2900563948,Sibo Liu,,
2776339617,Vygintas Gontis,111088046,Boston University
2264761922,Roman He,159176309,University of Hamburg
2167174960,Zhangang Han,25254941,Beijing Normal University
2652700077,Sean P. Cornelius,12912129,Northeastern University
2696315845,Brigita Kutnjak-Urbanc,,
2806784990,S. V. Buldyrev,63966007,Massachusetts Institute of Technology
2582195914,R. M. Baevsky,,
2095693673,N. A. M. Araújo,141596103,University of Lisbon
2546373545,Jianyuan Wang,82880672,Beihang University
2486383156,Natalie J. Lemanski,102322142,Rutgers University
630663198,Shlomo Havlin,13955877,Bar-Ilan University
1232497616,Peretz Lavie,40978471,Rappaport Faculty of Medicine
2161761848,Amir Bashan,1283280774,Brigham and Women's Hospital
2099116529,Fabiana Zollo,127077003,IMT Institute for Advanced Studies Lucca
2501453374,Rosenbaum R,,
2777844227,Chris Sanders,,
2104191790,Xuesong Zhou,55732556,Arizona State University
2894158252,J. Smart,40120149,University of Oxford
2702768600,I. Webman,1341412227,IBM
2810206555,Teresa Gomez-Isla,111088046,Boston University
1992431487,Bradford Greening,102322142,Rutgers University
2195478976,Albert-László Barabási,12912129,Northeastern University
2679147050,E. Litov,,
2793214120,Tao Zhou,150229711,University of Electronic Science and Technology of China
2601874035,J. H. Peter,161103922,University of Marburg
2062097329,Dora Hui,189731429,Wellesley College
2147499541,Yinghuan He,115592961,Jiangsu University
2028839771,J.P. Lemaistre,1294671590,Centre national de la recherche scientifique
2806225619,C. E. La Rocca,151201029,National Scientific and Technical Research Council
338799680,Joe Meitus,,
2115776902,Thorsten Emmerich,200763008,University of Giessen
2126991373,Xiaobo Liu,4800084,Southwest Jiaotong University
2155404267,Y. Schlesinger,13955877,Bar-Ilan University
2130696319,John E. Fletcher,1299303238,National Institutes of Health
2023293904,Rosario N. Mantegna,900890020,University of Palermo
2651067271,Xueming Liu,111088046,Boston University
1977537644,Teresa Gomez-Isla,136199984,Harvard University
2159088826,Abba B. Gumel,55732556,Arizona State University
2323898300,Claire Wyart,111088046,Boston University
2860742884,M. Simons,111088046,Boston University
2499491285,Ruijin Du,115592961,Jiangsu University
2722291750,D Stauffer,13955877,Bar-Ilan University
135049861,Maziar Nekovee,2250650973,Samsung
1990876585,M Ukleja,136199984,Harvard University
2129006982,Yougui Wang,25254941,Beijing Normal University
2257814029,Jiang Yinan,82880672,Beihang University
1553894044,Shai Carmi,13955877,Bar-Ilan University
241727801,Eran Shir,16391192,Tel Aviv University
1978941607,S. A. Kurkin,125219893,Saratov State University
1984591644,Murat Canpolat,197907453,Akdeniz University
2588029310,Martin Meyer,111088046,Boston University
2632489113,Liang Gao,21193070,Beijing Jiaotong University
1478651034,Alessandro Bessi,1174212,University of Southern California
2493884403,Gaogao Dong,115592961,Jiangsu University
2171014474,Andrew J. Collins,81365321,Old Dominion University
2112170151,Di Zhou,,
2854886238,B Trus,13955877,Bar-Ilan University
1800085716,Ralph Nossal,1299303238,National Institutes of Health
2115838957,Ye Yuan,47720641,Huazhong University of Science and Technology
2551381962,Blumberg Selinger R,,
2645536138,R. Cohen,,
2779023414,Diego Rybski,60200437,Potsdam Institute for Climate Impact Research
2710634798,Biao Leng,,
2095822646,Zhenhua Wu,111088046,Boston University
2670112540,Arrnin Bunde,200763008,University of Giessen
2817048802,M. H. R. Stanley,111088046,Boston University
2497728544,Ming-Can Fan,93477617,Huizhou University
2109444309,Ary L. Goldberger,136199984,Harvard University
2801570273,Hila Dvir,13955877,Bar-Ilan University
2142049922,Rui Kang,82880672,Beihang University
2617115591,Reuven Cohen,13955877,Bar-Ilan University
1983290808,Danny Dolev,197251160,Hebrew University of Jerusalem
2480813540,Pradeep Kumar,83399316,Rockefeller University
2674464067,Jianxi Gao,183067930,Shanghai Jiao Tong University
2797397090,Levy Orr,,
2651376459,Trunfio P,,
2122172977,Orin J. Robinson,82497590,Auburn University
2139989448,Lidia A. Braunstein,111088046,Boston University
2118303076,Marla Spivak,130238516,University of Minnesota
2647928804,He Liqun,13955877,Bar-Ilan University
2893869609,G W Rebeck,136199984,Harvard University
2427386121,E. Roman,159176309,University of Hamburg
2672764211,Guangquan Lu,82880672,Beihang University
2637527170,O. Gazit,13955877,Bar-Ilan University
2703845739,Junhao Liang,157773358,Sun Yat-sen University
1983579657,Forrest M. Hoffman,1289243028,Oak Ridge National Laboratory
2779876620,Travis Franck,,
2845973183,Yougui Wang,25254941,Beijing Normal University
157725681,Hernán A. Makse,125687163,City College of New York
2709426579,M. Sade,13955877,Bar-Ilan University
2809843969,Shenggong Ji,4800084,Southwest Jiaotong University
2882395263,J Kiefer,13955877,Bar-Ilan University
2578103762,T. Molnar,,
2764236724,Piet Van Mieghem,,
298118114,Keren Erez,13955877,Bar-Ilan University
2423288799,Ascânio D. Araújo,243754102,Federal University of Ceará
2666172107,A. Cohen,13955877,Bar-Ilan University
2107568982,Eduardo Luiggi Lopez,40120149,University of Oxford
2461743080,Vinko Zlatić,861853513,Sapienza University of Rome
60870194,Fredrik Liljeros,161593684,Stockholm University
2687656910,Nuri Yazdani,,
2249977029,Sen Pei,82880672,Beihang University
2240792690,Stauffer D,,
2793963573,Leo Goldmakher,111088046,Boston University
2096704683,Yinguo Li,10535382,Chongqing University of Posts and Telecommunications
2631784146,Dietrich Stauffer,13955877,Bar-Ilan University
2494442250,M. E. Matsa,,
2810356481,Francis W. Starr,1321296531,National Institute of Standards and Technology
2187230080,Jack Gorski,1297011914,Gulf Coast Regional Blood Center
2576955417,Wei Li,40963666,Central China Normal University
2798677275,L. G. Alvarez-Zuzek,,
2110460790,I. Leyva,182083151,King Juan Carlos University
2799048882,Marlon Ramos,2699952,Pontifical Catholic University of Rio de Janeiro
2119515581,Nehemia Schwartz,13955877,Bar-Ilan University
1986951286,Ronny P. Bartsch,13955877,Bar-Ilan University
2167115290,Jin-Rong Liang,66867065,East China Normal University
2794470509,Youngki Lee,111088046,Boston University
2690926244,Min Ouyang,47720641,Huazhong University of Science and Technology
2579852599,Huizong Feng,10535382,Chongqing University of Posts and Telecommunications
2164726177,Frank Schweitzer,35440088,ETH Zurich
2502217926,Lus Amaral,111088046,Boston University
2661208379,E. Litov,13955877,Bar-Ilan University
2628938054,Xiaoming Xu,,
2645261051,Harald Harder,,
2013659140,Haim Weissman,13955877,Bar-Ilan University
2420755856,H. Eugene Stanley,111088046,Boston University
2135798086,H. E. Stanley,111088046,Boston University
2304463167,U. Moenig,13955877,Bar-Ilan University
2763483998,Zhang Xiong,,
2570565709,Hans Joachim Schellnhuber,1118541,University of East Anglia
2129636270,Xuegang Ban,201448701,University of Washington
2094563821,Matjaž Perc,37696226,University of Maribor
1986268563,Karlo Hock,165143802,University of Queensland
2609365633,Bnaya Gross,,
2037942309,Mohammad Miralinaghi,219193219,Purdue University
2146860111,Raoul Kopelman,27837315,University of Michigan
2217763617,Robin C. Ball,39555362,University of Warwick
141883150,Ari Z. Zivotofsky,13955877,Bar-Ilan University
2734353208,Yuh Kobayashi,,
127239821,Jorge X. Velasco-Hernandez,8961855,National Autonomous University of Mexico
1622216880,Mikhail I. Bogachev,200763008,University of Giessen
2599747071,Wenbo Chen,10535382,Chongqing University of Posts and Telecommunications
2046870848,Joseph E. Mietus,1316535847,Beth Israel Deaconess Medical Center
2110611655,Chung-Kang Peng,1316535847,Beth Israel Deaconess Medical Center
2167333762,Gregorio D'Agostino,110120368,ENEA
2238247139,Yunpeng Wang,82880672,Beihang University
2026883446,Walter Quattrociocchi,127077003,IMT Institute for Advanced Studies Lucca
548191791,Brigita Urbanc,72816309,Drexel University
2108612657,Jonathan M. Winter,107672454,Dartmouth College
2303901863,Menachem Dishon,116578957,Goddard Institute for Space Studies
2780193811,Jianxi Gao,183067930,Shanghai Jiao Tong University
2892943920,Pablo Jensen,100532134,Claude Bernard University Lyon 1
2559970442,Yang Dai,4800084,Southwest Jiaotong University
637998189,L. Burlachkov,13955877,Bar-Ilan University
303367259,Eshel Ben-Jacob,16391192,Tel Aviv University
2799113205,Hai-Jun Huang,82880672,Beihang University
2113121087,Hie-Tae Moon,157485424,KAIST
2061648021,Richard Blender,159176309,University of Hamburg
2099327986,Don R. Baker,5023651,McGill University
2601061794,Mark Dicksion,,
2660008293,Y. Yeshurun,13955877,Bar-Ilan University
2798413521,Zbigniew Struzik,111088046,Boston University
100627464,Nadav M. Shnerb,13955877,Bar-Ilan University
2009461251,Avi Caspi,13955877,Bar-Ilan University
2630407699,Glenn W. Davies,,
2147296030,Phillipp Maass,111088046,Boston University
147152864,Nikolaos Bastas,21370196,Aristotle University of Thessaloniki
2704215804,Igor Zhidkov,13955877,Bar-Ilan University
1528430200,Yair Goldreich,13955877,Bar-Ilan University
2172031446,Vsevolod Afanasyev,141816643,Natural Environment Research Council
2497826991,Graham Hungerford,99464096,Katholieke Universiteit Leuven
2780008045,Mackenzie Hall,102252114,New Jersey Department of Environmental Protection
423679732,Wanpracha Art Chaovalitwongse,201448701,University of Washington
2277655375,James E. Kiefer,1299303238,National Institutes of Health
2175360913,Asim Zia,111236770,University of Vermont
2308368420,Peter Grassberger,13955877,Bar-Ilan University
2307991474,Bowen Fu,82880672,Beihang University
2683056368,Daniel Kunka,,
2657435053,Katherine Lacasse,53118340,Rhode Island College
2557463666,Guizhen Yu,82880672,Beihang University
860821246,Tomer Kalisky,13955877,Bar-Ilan University
2794155193,Orin J. Robinson,102322142,Rutgers University
2496935259,J. E. Kiefer,,
711681303,L. Benguigui,174306211,Technion – Israel Institute of Technology
2440680809,Katherine J. Evans,1289243028,Oak Ridge National Laboratory
2596490797,M. A. Di Muro,151201029,National Scientific and Technical Research Council
2893806631,H L West,136199984,Harvard University
2160059110,Michael H R Stanley,111088046,Boston University
2440731254,Yongfu Li,10535382,Chongqing University of Posts and Telecommunications
1978723361,M. Lewkowicz,52170813,Ariel University
2008952925,Klaus W. Kehr,171892758,Forschungszentrum Jülich
2676495439,Saurabh Verma,,
2549575081,Peter Ossadnik,,
2648052179,Moshe Gitterman,1299303238,National Institutes of Health
1963659382,Zengru Di,25254941,Beijing Normal University
2577906831,Caitlin A. Grady,219193219,Purdue University
2102090707,Saulo D. S. Reis,243754102,Federal University of Ceará
1975841810,Julie L. Lockwood,102322142,Rutgers University
2214605932,H.E. Stanely,111088046,Boston University
567419275,Dmitri V. Krioukov,12912129,Northeastern University
1710422747,Nir Giladi,16391192,Tel Aviv University
2786561245,Lee Munnich,,
2257503898,Hillel Sanhedrai,,
2810049622,Ronald J Christie,,
2080615722,Moshe Gitterman,13955877,Bar-Ilan University
2476687638,Philipp Weber,111088046,Boston University
2049354273,Pablo A. Macri,53241121,Facultad de Ciencias Exactas y Naturales
2159623144,Claudia Hamann,,
2902157680,Niels Schwartz,13955877,Bar-Ilan University
2119658510,Massimo Riccaboni,99464096,Katholieke Universiteit Leuven
2089418468,Dmitry Vjushin,13955877,Bar-Ilan University
2089766664,Yuval Shavitt,16391192,Tel Aviv University
2129590698,F. Vázquez,149899117,Max Planck Society
2068795980,Irad Ben-Gal,16391192,Tel Aviv University
2899614659,Malcolm Simons,111088046,Boston University
2572517437,Henrik Holm,,
2347977974,Xuan Di,130238516,University of Minnesota
2681946198,Alexander Pimenov,1313323035,Russian Academy of Sciences
2938098,Laurens D. A. Siebbeles,98358874,Delft University of Technology
2124994794,Sara S. Metcalf,63190737,University at Buffalo
2648312118,Irene Sendiña-Nadal,200284239,University of Santiago de Compostela
2251165716,Javier M. Buldú,182083151,King Juan Carlos University
2432800210,Nikolay,,
2042042077,Li Daqing,21370196,Aristotle University of Thessaloniki
2795031413,Xiaoqian Sun,82880672,Beihang University
2041447290,Yakov M. Strelniker,13955877,Bar-Ilan University
2715677105,Fabio Pammolli,127077003,IMT Institute for Advanced Studies Lucca
2307977268,Xiaozheng He,165799507,Rensselaer Polytechnic Institute
2811251337,A. Patron,13955877,Bar-Ilan University
2068483207,Itay Perlstein,197251160,Hebrew University of Jerusalem
2658537710,M. San Miguel,,
2112682456,Peter R. King,47508984,Imperial College London
2780140180,Massimiliano Zanin,83558840,Universidade Nova de Lisboa
2121943974,Chuanbo Wen,183067930,Shanghai Jiao Tong University
2530338117,Meir Danino,13955877,Bar-Ilan University
2118583891,Gerald Paul,111088046,Boston University
735132293,James F. A. Traniello,111088046,Boston University
2042102862,Hans Joachim Schellnhuber,60200437,Potsdam Institute for Climate Impact Research
2054154116,Yehiel Berezin,13955877,Bar-Ilan University
2094397667,Eli Eisenberg,16391192,Tel Aviv University
2734961103,Zilong Zhao,,
2089438660,Yitzhak Rabin,13955877,Bar-Ilan University
2101697347,M. San Miguel,134820265,Spanish National Research Council
2672878362,Yimin Ding,75900474,Hubei University
2643350168,Zhuo Chen,183067930,Shanghai Jiao Tong University
686978099,Michael F. Shlesinger,175003984,Office of Naval Research
2105293811,Josef Ludescher,200763008,University of Giessen
1204556802,Richard Berkovits,13955877,Bar-Ilan University
2218822826,Márton Pósfai,12912129,Northeastern University
52109667,Srinivas Peeta,219193219,Purdue University
2596626210,Alexander P. Becker,111088046,Boston University
54162331,Joseph Klafter,16391192,Tel Aviv University
43551179,Stephen P. Borgatti,143302722,University of Kentucky
2006967561,M. Kaveh,13955877,Bar-Ilan University
2663807842,Linqiang Pan,,
2840043536,G. M. Viswanathan,35046152,Federal University of Rio Grande do Norte
2135265128,Ying Fan,25254941,Beijing Normal University
2600017669,M.V. Migueles,,
3705132,Zbigniew R. Struzik,2800939219,RIKEN Brain Science Institute
1385565713,Gregory Berkolaiko,91045830,Texas A&M University
2092619020,Hans von Storch,159176309,University of Hamburg
2098036285,Daqing Li,82880672,Beihang University
56395227,Francesco Sciortino,861853513,Sapienza University of Rome
2311650417,Eric A. Carr,75027704,University of Tennessee
2810326225,Morgan McNamara,,
2707546803,Shanjiang Zhu,66946132,"University of Maryland, College Park"
2014810269,Michael Rosenblum,176453806,University of Potsdam
2394772745,Filippos Lazaridis,21370196,Aristotle University of Thessaloniki
2146625640,L. Michael Romero,121934306,Tufts University
2666561359,Jen Sun,,
2734893696,Jacqueline Wong,79576946,University of Pennsylvania
2766625423,Valentin R,,
60142663,Sergey V. Buldyrev,111088046,Boston University
2094316751,Loukas Skarpalezos,,
2628001376,Y. Shibusa,,
2806656139,Rosario N. Mantegna,111088046,Boston University
2160722592,Cheoljun Eom,4921948,Pusan National University
2305240130,Iris Aravot,174306211,Technion – Israel Institute of Technology
2213438015,Philip T. Starks,121934306,Tufts University
1679273814,F. Leyvraz,8961855,National Autonomous University of Mexico
2050239695,Yosef Ashkenazy,124227911,Ben-Gurion University of the Negev
2886796890,Gonzalo Suarez,102322142,Rutgers University
2422256038,Anthony Chen,14243506,Hong Kong Polytechnic University
2888075243,Slimane Ben Miled,108714496,Tunis University
1874969226,S.M. Ossadnik,111088046,Boston University
2190946209,Mariela Araujo,111088046,Boston University
2018034244,Tobias Preis,39555362,University of Warwick
1967272925,Dmitry I. Vyushin,185261750,University of Toronto
2110625927,Mark Simons,122411786,California Institute of Technology
2123912506,Michael C. Irizarry,1309191912,Research Triangle Park
1624566149,Alejandro F. Rozenfeld,13955877,Bar-Ilan University
2310940139,Jyotsna S. Jagai,121934306,Tufts University
2433087237,M Dishon,,
2460735258,R. F. Voss,,
2302988583,Sylvie Marguet,1294671590,Centre national de la recherche scientifique
2021368053,Sebastian Wandelt,82880672,Beihang University
1606203800,J. M. Hausdorg,,
2294432744,N. Vandesteeg,74775410,Rice University
2837031380,F. Wang,13955877,Bar-Ilan University
2480486658,Asha Mary Abraham,172917736,Christian Medical College & Hospital
2781630849,Guangle Du,,
1768890549,Vittoria Colizza,204730241,University of Paris
2722748882,H. E. Stanley,,
2539616424,Baruch Ksherim,13955877,Bar-Ilan University
2310814797,Stefano Boccaletti,17145004,Northwestern Polytechnical University
2892564243,Plamen Ch. Ivanov,136199984,Harvard University
2490009024,Yiping Chen,111088046,Boston University
2548704101,Nimrod Serok,16391192,Tel Aviv University
2012482624,Lev Muchnik,197251160,Hebrew University of Jerusalem
2481561144,Douglas Baker,,
371087684,M. R. Sadr-Lahijany,111088046,Boston University
2038369357,Steve Gradus,,
2102521499,David J. Bergman,16391192,Tel Aviv University
219989508,Armin Bunde,200763008,University of Giessen
2143464128,Yongze Yan,47720641,Huazhong University of Science and Technology
2885803577,Alex Smolyak,13955877,Bar-Ilan University
2108447300,Michael J. Seiler,16285277,College of William & Mary
2762941523,Orr Levy,13955877,Bar-Ilan University
2893069303,R. Le,,
2193112926,Massimiliano Zanin,88060688,Technical University of Madrid
2023034974,S. Lennartz,200763008,University of Giessen
2780490776,Amanda J. Bevan,102322142,Rutgers University
2630157630,Shahaf Weiss,16391192,Tel Aviv University
165625497,Eytan Modiano,63966007,Massachusetts Institute of Technology
2274213919,Christian Schneider,1323861001,Conrad Hotels
2169133893,Dina M. Fonseca,102322142,Rutgers University
2734714368,Tamara Mihaljev,35440088,ETH Zurich
1963705982,Saray Shai,114027177,University of North Carolina at Chapel Hill
2293810394,Adi Maron-Katz,16391192,Tel Aviv University
2109662813,Jia Shao,111088046,Boston University
2795061579,Ming Li,82880672,Beihang University
2884723284,Warner Marzocchi,,
2498842306,A.G. Vitukhnovsky,1313323035,Russian Academy of Sciences
2468843340,Qian Li,111088046,Boston University
2605070810,Dana Vaknin,13955877,Bar-Ilan University
2547545229,Xiaolong Chen,,
2776124856,Xuelong Li,19820366,Chinese Academy of Sciences
2670557304,E. A. Uehling,,
2231461264,Dong Zhou,13955877,Bar-Ilan University
2638370383,Xiaoming Xu,148128674,University of Shanghai for Science and Technology
2601955552,M. Schwartz,111088046,Boston University
1627874422,Paul Trunfio,111088046,Boston University
2609937420,Christopher M. Stone,158937107,Swiss Tropical and Public Health Institute
2162839943,David Matthew Levinson,129604602,University of Sydney
2874015362,Z.D. Goldberger,111088046,Boston University
2076363585,P. Ch. Ivanov,111088046,Boston University
2900598839,Alyssa Bennett,,
2693480881,S Miyazima,111088046,Boston University
2420156359,Mark Dickison,111088046,Boston University
2582671001,Pratip Bhattacharyya,13955877,Bar-Ilan University
2605929933,Jos{é} S. Andrade,111088046,Boston University
2178148597,Scott Kirkpatrick,197251160,Hebrew University of Jerusalem
2144243226,Senlai Zhu,76569877,Southeast University
2490552413,Xiaoyun Xu,82880672,Beihang University
2884178721,Elya L. Milner,,
63035977,Céline Rozenblat,97565354,University of Lausanne
2852234293,Kezhi Li,10535382,Chongqing University of Posts and Telecommunications
2159166694,Jan Nagler,149899117,Max Planck Society
17366080,Haim Taitelbaum,13955877,Bar-Ilan University
2610256563,Fangfu Ye,19820366,Chinese Academy of Sciences
1430412145,S. Tuzov,13955877,Bar-Ilan University
2529327112,Mirko Lukovic,35440088,ETH Zurich
2108644119,Rodney Schoonover,27837315,University of Michigan
2768463526,Yupeng Gu,161318765,"University of California, Los Angeles"
2600284675,Xiao Jiang,10535382,Chongqing University of Posts and Telecommunications
2438697203,Xiao-Hong Wang,126520041,University of Science and Technology of China
2116509701,Olaf P. Jensen,102322142,Rutgers University
1274180610,Meir Plotnik,2799810450,Sheba Medical Center
2114306152,Jan F. Eichner,200763008,University of Giessen
2153731270,Kazuko Yamasaki,14396692,Tokyo University of Information Sciences
2647948604,Yuliang Jin,19820366,Chinese Academy of Sciences
2108840573,Sanjib Bhattacharyya,,
2099521746,Kay-Ti Tan,27577105,University College Cork
2710659997,Itzhak Dvir,,
2855383081,P.A. Prince,141816643,Natural Environment Research Council
309302143,Shai Uliel,13955877,Bar-Ilan University
2067183366,Edwin A. Uehling,201448701,University of Washington
2715025815,Nebiyou J Tilahun,39422238,University of Illinois at Chicago
2803765665,Rachel H. R. Stanley,66958751,Woods Hole Oceanographic Institution
2638386473,Armin Bunde,159176309,University of Hamburg
2053717436,H.S. Xenias,111088046,Boston University
2427028530,Mahesh Moorthy,172917736,Christian Medical College & Hospital
2661603222,Y. Yeshurun,13955877,Bar-Ilan University
2104409682,S. Raj Rajagopalan,82514191,Honeywell
1408568758,Noah Wilson-Rich,121934306,Tufts University
2702259196,L. A. Nunes Amaral,111088046,Boston University
2765120825,Leu K,,
2118853395,Xinyu Cao,130238516,University of Minnesota
2791614981,Dean Chen,,
2250068628,Feilong Wang,82880672,Beihang University
1139503581,Roni Parshani,13955877,Bar-Ilan University
2894332417,Nikolay V. Dokholyan,136199984,Harvard University
2280072489,James B. McCarthy,27577105,University College Cork
2811461758,Y. Lin,84218800,"University of California, Davis"
2156455974,Xinkai Wu,82880672,Beihang University
2873301666,I Majid,1316910977,DuPont
2250968174,Yue Wu,47720641,Huazhong University of Science and Technology
2777987786,F. Sciortino,63966007,Massachusetts Institute of Technology
2669386973,M. Luban,13955877,Bar-Ilan University
2140132656,Amnon Hoffman,197251160,Hebrew University of Jerusalem
1942502614,Fabricio Q. Potiguar,59606676,Federal University of Pará
2526622801,Jason Weiss,131249849,Oregon State University
2827002372,R N Mantegna,136199984,Harvard University
2105958714,Yang-Yu Liu,136199984,Harvard University
707461345,Thomas Rattei,129774422,University of Vienna
2302623427,Dimitra Markovitsi,1294671590,Centre national de la recherche scientifique
2555391432,Ofer Matan,13955877,Bar-Ilan University
2677934693,Hao Zhu,10535382,Chongqing University of Posts and Telecommunications
2567722902,George Weiss,16391192,Tel Aviv University
2632613129,Satish Ukkusuri,,
2238674396,Toshihiro Tanizawa,22299242,Kyoto University
2632829431,Hao Peng,135237710,Zhejiang Normal University
1903060929,David Peleg,53964585,Weizmann Institute of Science
1908336426,Tamás Vicsek,106118109,Eötvös Loránd University
1728546935,Hideki Takayasu,114531698,Tokyo Institute of Technology
2568412132,Ran Vered,13955877,Bar-Ilan University
2151733601,Stefanie Russ,75951250,Free University of Berlin
2635712328,Nagendra K. Panduranga,,
2026611496,Gili Greenbaum,124227911,Ben-Gurion University of the Negev
2713618541,A. Károlyi,111088046,Boston University
2819186765,P.C. Ivanov,13955877,Bar-Ilan University
2658792693,Amikam Patron,,
2648683279,Kang Rui,82880672,Beihang University
2509008920,H. Hermann,35440088,ETH Zurich
2703120377,Adam Danczyk,,
2696639891,Lei Shi,49185572,Yunnan University of Finance and Economics
2633846229,Kerwin K,,
2165645756,Robert F. Bonner,1299303238,National Institutes of Health
2721435888,Yuansheng Lin,82880672,Beihang University
2170698448,Bradley T. Hyman,136199984,Harvard University
2310676447,Shiomo Havlin,13955877,Bar-Ilan University
2701957557,Sidney B. Lang,,
2059851128,Elena N. Naumova,121934306,Tufts University
2724024423,Hui Tian,47720641,Huazhong University of Science and Technology
2090848567,Sebastian Neumayer,63966007,Massachusetts Institute of Technology
2882611556,A.N. Lobanov,1313323035,Russian Academy of Sciences
2137238415,P. Van Mieghem,98358874,Delft University of Technology
2500899702,K. P. N. Murthy,,
347091473,Erez Y. Levanon,13955877,Bar-Ilan University
1179883254,Holly Gaff,81365321,Old Dominion University
2895138254,Lazaros K. Gallos,2799411422,Center for Discrete Mathematics and Theoretical Computer Science
1977813807,A.N. Anagnostopoulos,21370196,Aristotle University of Thessaloniki
2234720271,H. Eduardo Roman,189158943,University of Milan
2141397207,Yuntao Guo,219193219,Purdue University
2141696663,Hai-Tao Zhang,47720641,Huazhong University of Science and Technology
2653345571,Taixiong Zheng,10535382,Chongqing University of Posts and Telecommunications
2143882921,Kah Loon Ng,165932596,National University of Singapore
2098675689,Wonsuk Yoo,185443292,Wayne State University
2431856847,Li Zhang,10535382,Chongqing University of Posts and Telecommunications
2495640377,Roy C. Averill-Murray,1343028186,United States Fish and Wildlife Service
1970256922,Jan W. Kantelhardt,68956291,Martin Luther University of Halle-Wittenberg
2117619973,Adam Avakian,111088046,Boston University
2734105003,H. Eugene Stanley,200332995,Technical University of Dortmund
2659334233,H. Taitelbaum,13955877,Bar-Ilan University
2259080817,Roman Karasik,13955877,Bar-Ilan University
2630767206,D. Stauffacher,,
2076144126,Enrico Zio,93860229,Polytechnic University of Milan
2590606560,Zhiyi Xu,130238516,University of Minnesota
2615619040,Rui Zhang,174216632,City University of New York
2292069768,Edwin Michael,107639228,University of Notre Dame
2116381398,Michael M. Danziger,13955877,Bar-Ilan University
1978324548,Peter H. Poole,197191942,St. Francis Xavier University
2402136119,Hans J. Herrmann,35440088,ETH Zurich
167839942,Brian Beckage,111236770,University of Vermont
2174224574,Michael T. Giang,68213504,Mount St. Mary's University
374632431,H. Moelgaard,2802335433,Aarhus University Hospital
2194991631,Kosmas Kosmidis,200763008,University of Giessen
2477684678,Michael A. Salinger,75354592,Federal Trade Commission
2230179082,Maciej Korczyński,98358874,Delft University of Technology
2472878894,Jürgen Kurths,60200437,Potsdam Institute for Climate Impact Research
2694862243,Yunpeng Wang,82880672,Beihang University
2871764654,H E Stanley,1316910977,DuPont
2153875386,J. Michael Reed,121934306,Tufts University
1973926614,L. Jin-Rong,66867065,East China Normal University
2122361638,Chung-Chuan Lo,25846049,National Tsing Hua University
1513214656,Folashade B. Agusto,146416000,University of Kansas
2469002868,Xin Yuan,111088046,Boston University
2061047041,Jacob Levitan,52170813,Ariel University
2135687599,Matthew B. Thomas,130769515,Pennsylvania State University
2697793375,Holger Bengs,197323543,University of Mainz
2114740295,Moshe Schwartz,16391192,Tel Aviv University
2669527897,Michael Simons,107672454,Dartmouth College
2295086027,Peter Braun,200763008,University of Giessen
1198578353,Slimane Ben Miled,157536573,Pasteur Institute
209105663,Panos Argyrakis,21370196,Aristotle University of Thessaloniki
224194501,Yoram Louzoun,13955877,Bar-Ilan University
2228271569,Arek Harmandayan,177881444,Pomona College
2469288727,Imtiaz Majid,111088046,Boston University
2396912154,Bijan Movaghar,130828816,University of Leeds
2798408352,Lu s A N Amaral,,
2160981644,Plamen Ch. Ivanov,111088046,Boston University
2131231266,Eileen A. O'Neil,121934306,Tufts University
2121297948,Guanliang Li,111088046,Boston University
23529213,Daniele Ietri,55143463,University of Turin
2143964648,Shenggong Ji,4800084,Southwest Jiaotong University
1801627232,Amira Kebir,102322142,Rutgers University
2791048428,L. A. Braunstein,151201029,National Scientific and Technical Research Council
54864283,Ralf Engbert,176453806,University of Potsdam
2712811360,Victor Malyutin,,
1600866287,Irene Sendiña–Nadal,182083151,King Juan Carlos University
2241682550,Dror Y. Kenett,111088046,Boston University
2189457381,D Movshovitz,13955877,Bar-Ilan University
1999399921,Nilly Madar,13955877,Bar-Ilan University
2545117152,Nir Lahav,13955877,Bar-Ilan University
2443087332,David Eilam,165390105,University of South Africa
2789579779,Henio H.A Rego,200763008,University of Giessen
265631590,Lazaros K. Gallos,125687163,City College of New York
2652515557,Jin-Hee Cho,166416128,United States Army Research Laboratory
2014191335,Anke Ordemann,200763008,University of Giessen
2038023942,Saif Eddin Jabari,130238516,University of Minnesota
2746253275,Shengmin Guo,82880672,Beihang University
2685050937,Dror J,,
134417269,Roberto Monetti,149899117,Max Planck Society
2135770409,Mikaela Provost,102322142,Rutgers University
258611232,Avi Gozolchiani,13955877,Bar-Ilan University
2125648224,L. Kaplan,13955877,Bar-Ilan University
2120185677,Jacqueline Wong,161318765,"University of California, Los Angeles"
2720791771,Xinyu Jason Cao,,
2150951582,George B. Moody,63966007,Massachusetts Institute of Technology
2661740106,John Curtis Burkhalter,102322142,Rutgers University
2766023716,Shu Guo,,
2153657934,Jichang Zhao,82880672,Beihang University
87677,Vasiliki Plerou,111088046,Boston University
2679426378,Tianshou Zhou,,
2706026932,Z. Kizner,13955877,Bar-Ilan University
2103593990,Gabjin Oh,152238500,Chosun University
1323626905,Thomas Weinmaier,129774422,University of Vienna
195581037,Shannon L. LaDeau,170897317,Duke University
2489257439,Dafeng Chen,206777745,Nanjing Audit University
2482140581,Luciano R. da Silva,111088046,Boston University
2044560324,Alon Sela,16391192,Tel Aviv University
2159592082,Xueguang Chen,47720641,Huazhong University of Science and Technology
2157132620,Jianxi Gao,12912129,Northeastern University
2149004180,Michela Del Vicario,127077003,IMT Institute for Advanced Studies Lucca
1995490775,Leonid Safonov,13955877,Bar-Ilan University
2256714466,Sameet Sreenivasan,111088046,Boston University
2651578212,David Bina,,
2723793796,Jiawen Wang,,
1877868719,Valerie N. Livina,1118541,University of East Anglia
1558845253,Yshai Avishai,124227911,Ben-Gurion University of the Negev
2267499898,Kun Wang,125687163,City College of New York
2702572077,Srinivas Peeta,,
2118865046,Luis Cruz,111088046,Boston University
2707718024,M. Moller,177969490,University of Southern Denmark
2891202498,Daozhong Feng,82880672,Beihang University
2664424268,Xiaolei Guo,74413500,University of Windsor
2164585243,Viviane Galvão,21606457,State University of Feira de Santana
2147108539,Suzanne Lenhart,75027704,University of Tennessee
2635717719,Moseley Ll,111088046,Boston University
2015355720,Reinhold Kliegl,176453806,University of Potsdam
2160093489,Sorin Solomon,197251160,Hebrew University of Jerusalem
2226230899,Jun Ho Huh,82514191,Honeywell
2830775454,H. E. Stanley,136199984,Harvard University
2165325895,Simon Dobson,16835326,University of St Andrews
2647916421,Yanqing Hu,157773358,Sun Yat-sen University
2148231411,S. T. Harrington,111088046,Boston University
2807575919,Amira Kebir,108714496,Tunis University
1224047765,Heiko Leschhorn,111088046,Boston University
2087293719,Ezequiel V. Albano,874386039,National University of La Plata
2693708364,H. E. Stanley,,
2159395618,Xiaoyong Yan,25254941,Beijing Normal University
1974001211,Irene Sendiña-Nadal,182083151,King Juan Carlos University
453106680,Celia Anteneodo,2699952,Pontifical Catholic University of Rio de Janeiro
250761399,Gil Zussman,78577930,Columbia University
2030897914,Y. Lereah,16391192,Tel Aviv University
2636854936,An Zeng,25254941,Beijing Normal University
2127511110,Alexander Y. Grosberg,57206974,New York University
2162331561,Lixin Tian,115592961,Jiangsu University
2779815668,Marko Jusup,205349734,Hokkaido University
2239364795,I. Zhidkov,13955877,Bar-Ilan University
1821158804,Efrat Blumenfeld-Lieberthal,16391192,Tel Aviv University
2156091848,Luciano R. da Silva,35046152,Federal University of Rio Grande do Norte
2908183091,Wolf M,111088046,Boston University
2170005615,George H. Weiss,1299303238,National Institutes of Health
2063380118,Aicko Y. Schumann,168635309,University of Calgary
2442592005,Ruoqian Wu,82880672,Beihang University
2182939817,Jingfang Fan,13955877,Bar-Ilan University
2631976391,Sergey V. Buldyrev,19772626,Yeshiva University
2086436323,E. Litov,13955877,Bar-Ilan University
2893341757,Avi Shapira,,
2697788488,Valerie N. Livina,13955877,Bar-Ilan University
127838069,Irena Vodenska,111088046,Boston University
298382971,Binyamin A. Knisbacher,13955877,Bar-Ilan University
1900433925,Boris Podobnik,154347574,University of Rijeka
2420482737,Sungchul Ji,102322142,Rutgers University
2108926298,Markus Porto,31512782,Technische Universität Darmstadt
2793387622,Avidan U. Neumann,,
2132175374,M. G. E. da Luz,52418104,Federal University of Paraná
2304310372,Tim Barrett,219193219,Purdue University
2262065490,Jinshan Wu,25254941,Beijing Normal University
2863600614,E.P Raposo,136199984,Harvard University
2894407510,E. Gomez-Tortosa,,
164328429,Helmut Ringsdorf,197323543,University of Mainz
83032440,Ann P. Kinzig,55732556,Arizona State University
2139013779,Alice Nieuwboer,99464096,Katholieke Universiteit Leuven
2126489117,Roberto F. S. Andrade,126158947,Federal University of Bahia
1961335787,Daniel V. Calleri,111088046,Boston University
1683981078,Frederic Bartumeus,134820265,Spanish National Research Council
2076570365,George K. Christophides,47508984,Imperial College London
2665948985,G. Paul,,
1985944484,Jeffrey M. Hausdorff,2799807261,Tel Aviv Sourasky Medical Center
2723771028,O. Gazit,,
2497500184,Stefan Schwarzer,13955877,Bar-Ilan University
2827605070,M. Simons,63966007,Massachusetts Institute of Technology
2013765963,Misako Takayasu,114531698,Tokyo Institute of Technology
2553259412,Ivan Bonamassa,13955877,Bar-Ilan University
2523197938,Frank Tzschichholz,159176309,University of Hamburg
2115927793,Peter D. Howe,121980950,Utah State University
2118271795,Deverick J. Anderson,190082696,Durham University
2664108743,Pierre Lecuyer,,
2177857177,Rebeca B. Rosengaus,12912129,Northeastern University
1472829376,Yoed N. Kenett,13955877,Bar-Ilan University
2608713204,A. Ya. Kazakov,,
2804638559,Pablo Jensen,111088046,Boston University
2048436622,I. Vodenska-Chitkushev,111088046,Boston University
2156647386,Raissa M. D'Souza,84218800,"University of California, Davis"
2081415393,César Ducruet,1294671590,Centre national de la recherche scientifique
1998196569,Lukas Jahnke,68956291,Martin Luther University of Halle-Wittenberg
2892718325,Plamen Ch. Ivanov,1316535847,Beth Israel Deaconess Medical Center
2098890644,Alexander M. Petersen,156087764,"University of California, Merced"
735956146,L. Bardotti,100532134,Claude Bernard University Lyon 1
2188885655,Savely Rabinovich,13955877,Bar-Ilan University
2344738766,Hezi Gildor,197251160,Hebrew University of Jerusalem
2657473046,Jian Wang,219193219,Purdue University
2057614938,Andrew Yen,27837315,University of Michigan
2762216434,Irena Vodenska-Chitkushev,111088046,Boston University
2118062109,Shuai Shao,111088046,Boston University
2515290761,Jose Luis Gruver,13955877,Bar-Ilan University
2566110838,D. Ben Avraham,13955877,Bar-Ilan University
2058421592,E. Mogilko,13955877,Bar-Ilan University
328544140,Nikolay V. Dokholyan,114027177,University of North Carolina at Chapel Hill
2304402128,R.B. Govindan,13955877,Bar-Ilan University
2687434336,F. Leyvraz,111088046,Boston University
1977241238,Michael Maragakis,21370196,Aristotle University of Thessaloniki
2777079695,Huijia Li,137867983,Central University of Finance and Economics
2085327977,Seunghwan Kim,123900574,Pohang University of Science and Technology
2696887160,Xiaoguang Yang,,
2242032894,Jordi Catalan,134820265,Spanish National Research Council
2694846398,Ahmed Elmokashfi,,
2161770250,André A. Moreira,243754102,Federal University of Ceará
2305813444,Roger B. Knowles,136199984,Harvard University
2762154956,Verena Schulte-Frohlinde,111088046,Boston University
2803473123,Fan Wang,115592961,Jiangsu University
2251214156,Yuri D. Berezin,,
2135385990,Louis J. Gross,75027704,University of Tennessee
2112076527,Rosaria Conte,197604219,National Research Council
2687272371,Božidar Jovanović,,
2157086078,Yamir Moreno,255234318,University of Zaragoza
2673352018,C. Brender,13955877,Bar-Ilan University
2676395554,Oliver C. Stringham,102322142,Rutgers University
2258955490,José E. Pérez-Ortín,16097986,University of Valencia
2147924177,Fengzhong Wang,111088046,Boston University
2516931426,G. M. Viswanathan,79889768,Federal University of Alagoas
2264124252,Huifang Hao,115592961,Jiangsu University
2877787022,Paul D. Ready,124357947,University of London
1873419881,Ido Dayan,13955877,Bar-Ilan University
2699939847,A. Coniglio,111088046,Boston University
2521022203,Eva Koscielny–Bunde,13955877,Bar-Ilan University
2140846822,Julia Wenger,136199984,Harvard University
2556298985,Yossi Shushan,16391192,Tel Aviv University
2006755128,Joel Tenenbaum,111088046,Boston University
2228942028,I. Felner,197251160,Hebrew University of Jerusalem
1563160612,M. Reza Sadr-Lahijany,111088046,Boston University
2523655315,Glaser Y,13955877,Bar-Ilan University
2505418995,Bo Qu,98358874,Delft University of Technology
2032399639,Aviad Frydman,13955877,Bar-Ilan University
2484626627,Dandan Zhao,135237710,Zhejiang Normal University
1838152127,Sarah A. Gignoux-Wolfsohn,102322142,Rutgers University
2596735058,J F Gouyet,13955877,Bar-Ilan University
1694237599,Antonio Majdandzic,,
2797843279,Jiali Gao,,
2224091813,Ali Hamieh,102322142,Rutgers University
2165399887,Miriam Faust,13955877,Bar-Ilan University
1978339960,Philipp Maass,119449181,Technische Universität Ilmenau
2142467303,Dongyoon Song,,
2782859543,Srinivas Peeta,133999245,"University of Nevada, Las Vegas"
2102976900,Steven R. Bishop,45129253,University College London
2142507764,Stefan Schwarzer,111088046,Boston University
2135988025,Henry X. Liu,27837315,University of Michigan
2770406667,Lili Lu,109935558,Ningbo University
2591254324,H. Eugene Stanley,136199984,Harvard University
2709919901,P. Ch. Ivanov,,
2823302111,S V Buldyrev,136199984,Harvard University
2681650144,Ling Feng,115228651,"Agency for Science, Technology and Research"
61132809,Osnat Yaski,16391192,Tel Aviv University
2634272654,Linh Phan,133738476,University of Massachusetts Lowell
2631989667,Hongguang Pan,87445476,Xi'an Jiaotong University
2491725863,D Stauffer,,
1993449306,Antonios Garas,35440088,ETH Zurich
2066722628,O. Gazit,,
2527514182,Xin Zhang,96733725,Shanghai Maritime University
2045773684,Brooke Maslo,102322142,Rutgers University
2152405074,Chung-K. Peng,1316535847,Beth Israel Deaconess Medical Center
2146243301,Deborah A. Fields,121980950,Utah State University
13025208,Elias C. Aifantis,21370196,Aristotle University of Thessaloniki
2712940836,Yinan Jiang,,
2153981345,Yukie Sano,146399215,University of Tsukuba
2015004382,Benes L. Trus,1299303238,National Institutes of Health
2555262337,K. Saermark,96673099,Technical University of Denmark
2157253675,J. Mendes Filho,243754102,Federal University of Ceará
2109693643,Juan A. Almendral,182083151,King Juan Carlos University
2769756040,Muqing Du,163340411,Hohai University
2737732587,Osamu Mishima,111088046,Boston University
2894498389,Rami Hofstetter,,
2706477928,M. Scott,45129253,University College London
2597077213,Nehemia Schartz,13955877,Bar-Ilan University
2251683525,Albert-L Barabasi,106118109,Eötvös Loránd University
1982185550,Amnon Aharony,124227911,Ben-Gurion University of the Negev
2720206780,Xueming Liu,,
1278600782,Ehud Perlsman,13955877,Bar-Ilan University
2696474240,J. Portugali,16391192,Tel Aviv University
2320912851,Gernot Graff,200763008,University of Giessen
2023045255,Idan Elbaz,13955877,Bar-Ilan University
2147098005,Lior Appelbaum,13955877,Bar-Ilan University
2310593803,D C Hong,111088046,Boston University
2102555102,Yoshiharu Yamamoto,74801974,University of Tokyo
1904553771,M. Van der Auweraer,99464096,Katholieke Universiteit Leuven
2516733500,Jun Meng,124227911,Ben-Gurion University of the Negev
2598096934,Thomas Penzel,111088046,Boston University
2809967584,U. L. Fulco,79889768,Federal University of Alagoas
2719344667,Czirók Andras,,
2119588272,Liu Hong,47720641,Huazhong University of Science and Technology
2683553279,Innere Medizin,,
1943323200,O. I. Moskalenko,125219893,Saratov State University
2357793776,Oded Guez,13955877,Bar-Ilan University
2618464118,Dan Sapoznikov,,
2322239205,Albert-Lásló Barabási,111088046,Boston University
2190595508,Sona Prakash,111088046,Boston University
1903298854,David Eilam,16391192,Tel Aviv University
2316894055,Sary Levy-Carciente,82002896,Central University of Venezuela
2565537642,Shuochen Huang,102322142,Rutgers University
2034956409,Woo-Sung Jung,123900574,Pohang University of Science and Technology
2131539564,Yizhou Sun,161318765,"University of California, Los Angeles"
2086742913,Baruch Vilensky,13955877,Bar-Ilan University
2102083816,Lucas Böttcher,35440088,ETH Zurich
2069807084,Panagiotis Lianos,174878644,University of Patras
2527564561,Shwu-Jane Shieh,111088046,Boston University
2209767352,Joanna Waldock,148518341,The Cyprus Institute
2629975971,Xiaorui Zhang,200845125,Nanjing University of Information Science and Technology
2153102261,George C. Hamilton,102322142,Rutgers University
2068564274,P. E. Bloch Thomsen,2802567020,Copenhagen University Hospital
2035199323,Klaus Fraedrich,159176309,University of Hamburg
2174817262,Ely S. Simon,2799807261,Tel Aviv Sourasky Medical Center
2896680826,B L Trus,,
2162025053,Murilo P. Almeida,243754102,Federal University of Ceará
1216790474,Juval Portugali,16391192,Tel Aviv University
2114556986,Malin L. Pinsky,102322142,Rutgers University
349309780,Heikki V. Huikuri,98381234,University of Oulu
2908094893,Jun Meng,13955877,Bar-Ilan University
2100808128,José S. Andrade,243754102,Federal University of Ceará
2156977226,Eti Ben-Simon,16391192,Tel Aviv University
163715811,Eva Koscielny-Bunde,200763008,University of Giessen
2617354297,Sergey V. Buldyrev,111088046,Boston University
2746896968,Limiao Zhang,82880672,Beihang University
2149579636,Carl Herzog,1296787989,New York State Department of Environmental Conservation
37325187,Ronald E. Mickens,52064589,Clark Atlanta University
2740869994,Chuyi Chen,98358874,Delft University of Technology
2137683846,Robert A. Jordan,102322142,Rutgers University
2550939191,Alexander L. Nazaryev,13955877,Bar-Ilan University
2804721260,Keren Cohen,13955877,Bar-Ilan University
2559124946,Xiyun Zhang,66867065,East China Normal University
2763649822,Rathinaswamy Govindan,,
2566209759,Zhen Wang,17145004,Northwestern Polytechnical University
1702538214,Elias Stathatos,920791158,American Hotel & Lodging Educational Institute
2202466650,A. Neer,204136569,Open University
2614156686,Gandhimohan. M. Viswanathan,79889768,Federal University of Alagoas
2278806803,Thomas Penzel,7877124,Charité - Universitätsmedizin Berlin
2345649284,Stephan Zschiegner,200763008,University of Giessen
2529964122,H E Stanley,13955877,Bar-Ilan University
2026322238,Yuri N. Naumov,166722992,University of Massachusetts Medical School
2170173092,Hervé Sigal,1294671590,Centre national de la recherche scientifique
2619342550,Li Xu,5467274,Akita Prefectural University
2634636368,Dmitry Vyushin,13955877,Bar-Ilan University
2719825174,U. Hintze,177969490,University of Southern Denmark
2607915465,M. L. Lyra,79889768,Federal University of Alagoas
2689357973,Daniel Ben Avraham,13955877,Bar-Ilan University
2720288446,Yehoshua Glazer,13955877,Bar-Ilan University
2268791588,Nir Sapir,13955877,Bar-Ilan University
2094357556,Michael A. Salinger,111088046,Boston University
2101783366,Meena Doshi,121934306,Tufts University
2710243772,J. M. Fritsch-Yelle,,
1972394786,Béla Suki,111088046,Boston University
724611050,Andrea Egizi,102322142,Rutgers University
1965813356,Maksim Kitsak,111088046,Boston University
2763896182,Yali Cui,,
128068341,Ivan G. Scheblykin,187531555,Lund University
1887629390,János Kertész,198945027,Central European University
2468492217,E. Tomer,13955877,Bar-Ilan University
1858653720,Daniel Czamanski,174306211,Technion – Israel Institute of Technology
2237601596,M. Meyer,,
2419741048,M. Schneider,,
2663683395,M. V. Migueles,53241121,Facultad de Ciencias Exactas y Naturales
1886162051,Doug Brugge,121934306,Tufts University
2155871323,Roger G. Mark,63966007,Massachusetts Institute of Technology
1963961978,Marc Barthelemy,165450437,Indiana University Bloomington
87112288,Yasmin B. Kafai,79576946,University of Pennsylvania
2318014817,Zorica V. Djordjevic,111088046,Boston University
1888566757,Marco Tomassini,97565354,University of Lausanne
2512354352,G. Schildt,111088046,Boston University
1650478344,Chester Curme,111088046,Boston University
2798771452,Luı́s A. Nunes Amaral,1316535847,Beth Israel Deaconess Medical Center
2830810872,H. E. Stanley,63966007,Massachusetts Institute of Technology
2846381114,J.S. Andrade,111088046,Boston University
2487621973,Denise Castronovo,,
2165998101,Yibing Wang,76130692,Zhejiang University
2040663790,Deborah Hemming,1293035123,Met Office
2170521119,Xuqing Huang,111088046,Boston University
2676900477,F. Caserta,,
2671884826,Ioannis Mastorakos,,
2595120629,Yong Eun Lee Koo,27837315,University of Michigan
2347551469,Luo Dawei,143302722,University of Kentucky
2720849484,Ziyou Gao,21193070,Beijing Jiaotong University
2491504481,Aristotelis Kittas,21370196,Aristotle University of Thessaloniki
2105634767,Baowen Li,188538660,University of Colorado Boulder
2230890885,Qiong Zhang,82880672,Beihang University
2082693756,Wilfred W. Recker,204250578,"University of California, Irvine"
2794368147,Yongwen Zhang,,
2698798580,L. D. Valdez,151201029,National Scientific and Technical Research Council
2788131730,Xueming Liu,47720641,Huazhong University of Science and Technology
2171851496,Luís A. Nunes Amaral,111979921,Northwestern University
2170406722,David J. Weber,114027177,University of North Carolina at Chapel Hill
2102922096,Mariano Sigman,232641801,Torcuato di Tella University
160051992,Giancarlo Franzese,71999127,University of Barcelona
2484561045,Zhesi Shen,25254941,Beijing Normal University
2778699182,Amanda Brumbaugh,,
2539134890,Eva Koscielny-Bunde,13955877,Bar-Ilan University
2131857706,Eugene Stanley,111088046,Boston University
2901316253,Kathleen Kerwin,102322142,Rutgers University
2157555965,Yong Hoon Kim,219193219,Purdue University
2666532397,Karlheinz Voigt,,
2309764913,Hernán D. Rozenfeld,125687163,City College of New York
2430445058,J. Kurths,60200437,Potsdam Institute for Climate Impact Research
2066082272,Sven Rostig,161103922,University of Marburg
390292013,W. Art Chaovalitwongse,201448701,University of Washington
2903870763,H H Aragão Rêgo,,
2004600928,Louis M. Shekhtman,13955877,Bar-Ilan University
2137920900,Lucas C. Parra,125687163,City College of New York
1404868779,Aleksejus Kononovicius,173212132,Vilnius University
2779410082,Lidia A. Braunstein,53241121,Facultad de Ciencias Exactas y Naturales
2132892557,Julia Dräger,159176309,University of Hamburg
2491859710,Albert Miller,,
2132226381,Leon Glass,5023651,McGill University
1978877024,Daniel ben-Avraham,16944753,Clarkson University
2133561219,Huijuan Wang,98358874,Delft University of Technology
2021652723,Guido Caldarelli,127077003,IMT Institute for Advanced Studies Lucca
2665618337,S. V. Buldyrev,111088046,Boston University
2607584169,Ron Unger,13955877,Bar-Ilan University
2580284226,Y. Schlesinger,13955877,Bar-Ilan University
2798566556,Maksim Kitsak,,
2309441223,Osnat Mokryn,197251160,Hebrew University of Jerusalem
1908791771,Baruch Barzel,197251160,Hebrew University of Jerusalem
2428114318,J. S. Andrade,243754102,Federal University of Ceará
2470358576,Jysoo Lee,111088046,Boston University
2055400070,Anna Skibinsky,111088046,Boston University
2778689507,Sandeep Kumar,197323543,University of Mainz
2460634368,Cecilia Lagorio,53241121,Facultad de Ciencias Exactas y Naturales
1983411835,S. Brenner,13955877,Bar-Ilan University
2509077533,Noa Pinter-Wollman,161318765,"University of California, Los Angeles"
2603694682,Chaitanya Paleti,219193219,Purdue University
2306189611,Francesco Mallamace,112862951,University of Messina
2823776038,H.E. Stanley,13955877,Bar-Ilan University
2253699461,Philippe Millié,1294671590,Centre national de la recherche scientifique
2631832954,Ting Wu,881766915,Nanjing University
2033128614,Hernán D. Rozenfeld,16944753,Clarkson University
2434883541,Jianlin Zhou,25254941,Beijing Normal University
1560024979,Joshua Backon,197251160,Hebrew University of Jerusalem
2747339925,G H Weiss,13955877,Bar-Ilan University
2237120080,Paul Meakin,84392919,Temple University
2820535133,M. Simons,136199984,Harvard University
1970090850,Stefano Boccaletti,53964585,Weizmann Institute of Science
2126124262,Yunze Cai,183067930,Shanghai Jiao Tong University
2785741741,Yan Huang,,
2704088983,Wei Sun,200845125,Nanjing University of Information Science and Technology
360646424,V. Strygin,71305448,Voronezh State University
